image_path,true_class,source,is_field_photo,partition,split
C:\Users\xplod\Videos\FSWD\synod\Plant-disease-detection-for-brocolli-and-ladies-finger\data\specialist\model3\cleaned\tomato_foliar_spot\orig_plantdoc_eval_Bacterial_spots562_f8ae596b.jpg,foliar,sacred_split:field_val,True,calibration,calibration
C:\Users\xplod\Videos\FSWD\synod\Plant-disease-detection-for-brocolli-and-ladies-finger\data\specialist\model3\cleaned\tomato_foliar_spot\orig_plantdoc_eval_Figure-1-6_9c4eb677.jpg,foliar,sacred_split:field_val,True,calibration,calibration
C:\Users\xplod\Videos\FSWD\synod\Plant-disease-detection-for-brocolli-and-ladies-finger\data\specialist\model3\cleaned\tomato_foliar_spot\orig_tomato_luisolazo_img_eb_1156_db0e05c2.jpg,foliar,sacred_split:field_val,True,calibration,calibration
C:\Users\xplod\Videos\FSWD\synod\Plant-disease-detection-for-brocolli-and-ladies-finger\data\specialist\model3\cleaned\tomato_foliar_spot\orig_plantdoc_eval_266914753eb19d87b80567baed1a0f_7e76a02d.jpg,foliar,sacred_split:field_val,True,calibration,calibration
C:\Users\xplod\Videos\FSWD\synod\Plant-disease-detection-for-brocolli-and-ladies-finger\data\specialist\model3\cleaned\tomato_foliar_spot\orig_tomato_luisolazo_img_eb_1392_2ce2b709.jpg,foliar,sacred_split:field_val,True,calibration,calibration
C:\Users\xplod\Videos\FSWD\synod\Plant-disease-detection-for-brocolli-and-ladies-finger\data\specialist\model3\cleaned\tomato_foliar_spot\orig_plantdoc_eval_tomato_V8_280308ed.jpg,foliar,sacred_split:field_val,True,calibration,calibration
C:\Users\xplod\Videos\FSWD\synod\Plant-disease-detection-for-brocolli-and-ladies-finger\data\specialist\model3\cleaned\tomato_foliar_spot\orig_tomato_luisolazo_img_lm_53_889f2156.jpg,foliar,sacred_split:field_val,True,calibration,calibration
C:\Users\xplod\Videos\FSWD\synod\Plant-disease-detection-for-brocolli-and-ladies-finger\data\specialist\model3\cleaned\tomato_foliar_spot\orig_tomato_luisolazo_img_eb_2175_d1b02f33.jpg,foliar,sacred_split:field_val,True,calibration,calibration
C:\Users\xplod\Videos\FSWD\synod\Plant-disease-detection-for-brocolli-and-ladies-finger\data\specialist\model3\cleaned\tomato_foliar_spot\orig_tomato_luisolazo_img_eb_393_ad39acf5.jpg,foliar,sacred_split:field_val,True,calibration,calibration
C:\Users\xplod\Videos\FSWD\synod\Plant-disease-detection-for-brocolli-and-ladies-finger\data\specialist\model3\cleaned\tomato_foliar_spot\orig_plantdoc_eval_DSCN2697_19494eab.jpg,foliar,sacred_split:field_val,True,calibration,calibration
C:\Users\xplod\Videos\FSWD\synod\Plant-disease-detection-for-brocolli-and-ladies-finger\data\specialist\model3\cleaned\tomato_foliar_spot\orig_tomato_luisolazo_img_eb_638_6515c843.jpg,foliar,sacred_split:field_val,True,calibration,calibration
C:\Users\xplod\Videos\FSWD\synod\Plant-disease-detection-for-brocolli-and-ladies-finger\data\specialist\model3\cleaned\tomato_foliar_spot\orig_plantdoc_eval_OLU13_98145e1e.jpg,foliar,sacred_split:field_val,True,calibration,calibration
C:\Users\xplod\Videos\FSWD\synod\Plant-disease-detection-for-brocolli-and-ladies-finger\data\specialist\model3\cleaned\tomato_foliar_spot\orig_plantdoc_eval_GIVXB_de1c39ce.jpg,foliar,sacred_split:field_val,True,calibration,calibration
C:\Users\xplod\Videos\FSWD\synod\Plant-disease-detection-for-brocolli-and-ladies-finger\data\specialist\model3\cleaned\tomato_foliar_spot\orig_plantdoc_eval_Bacterial-Leaf-Spot-2_c85dfd9b.jpg,foliar,sacred_split:field_val,True,calibration,calibration
C:\Users\xplod\Videos\FSWD\synod\Plant-disease-detection-for-brocolli-and-ladies-finger\data\specialist\model3\cleaned\tomato_foliar_spot\orig_plantdoc_eval_bacterialSpeck03510339f27656b-_b0402f57.jpg,foliar,sacred_split:field_val,True,calibration,calibration
C:\Users\xplod\Videos\FSWD\synod\Plant-disease-detection-for-brocolli-and-ladies-finger\data\specialist\model3\cleaned\tomato_foliar_spot\orig_tomato_luisolazo_img_lm_233_f5c7114e.jpg,foliar,sacred_split:field_val,True,calibration,calibration
C:\Users\xplod\Videos\FSWD\synod\Plant-disease-detection-for-brocolli-and-ladies-finger\data\specialist\model3\cleaned\tomato_foliar_spot\orig_plantdoc_eval_Bacterial+Spot+-+Tomatoes_95e796de.jpg,foliar,sacred_split:field_val,True,calibration,calibration
C:\Users\xplod\Videos\FSWD\synod\Plant-disease-detection-for-brocolli-and-ladies-finger\data\specialist\model3\cleaned\tomato_foliar_spot\orig_tomato_luisolazo_img_eb_2113_48036516.jpg,foliar,sacred_split:field_val,True,calibration,calibration
C:\Users\xplod\Videos\FSWD\synod\Plant-disease-detection-for-brocolli-and-ladies-finger\data\specialist\model3\cleaned\tomato_foliar_spot\orig_plantdoc_eval_Tomato%20greenhouse%20phythoto_e006c4c2.jpg,foliar,sacred_split:field_val,True,calibration,calibration
C:\Users\xplod\Videos\FSWD\synod\Plant-disease-detection-for-brocolli-and-ladies-finger\data\specialist\model3\cleaned\tomato_foliar_spot\orig_tomato_luisolazo_img_eb_387_dcd6e0bf.jpg,foliar,sacred_split:field_val,True,calibration,calibration
C:\Users\xplod\Videos\FSWD\synod\Plant-disease-detection-for-brocolli-and-ladies-finger\data\specialist\model3\cleaned\tomato_foliar_spot\orig_plantdoc_eval_early-blight-in-high-tunnel-to_39d600be.jpg,foliar,sacred_split:field_val,True,calibration,calibration
C:\Users\xplod\Videos\FSWD\synod\Plant-disease-detection-for-brocolli-and-ladies-finger\data\specialist\model3\cleaned\tomato_foliar_spot\orig_plantdoc_eval_23600077_1572609202782510_2145_95238795.jpg,foliar,sacred_split:field_val,True,calibration,calibration
C:\Users\xplod\Videos\FSWD\synod\Plant-disease-detection-for-brocolli-and-ladies-finger\data\specialist\model3\cleaned\tomato_foliar_spot\orig_tomato_luisolazo_img_eb_1820_128a4ba1.jpg,foliar,sacred_split:field_val,True,calibration,calibration
C:\Users\xplod\Videos\FSWD\synod\Plant-disease-detection-for-brocolli-and-ladies-finger\data\specialist\model3\cleaned\tomato_foliar_spot\orig_plantdoc_eval_early-blight-or-target-spot-al_2b8ccac1.jpg,foliar,sacred_split:field_val,True,calibration,calibration
C:\Users\xplod\Videos\FSWD\synod\Plant-disease-detection-for-brocolli-and-ladies-finger\data\specialist\model3\cleaned\tomato_foliar_spot\orig_plantdoc_eval_Bacterial_spots2276_d2ea30c4.jpg,foliar,sacred_split:field_val,True,calibration,calibration
C:\Users\xplod\Videos\FSWD\synod\Plant-disease-detection-for-brocolli-and-ladies-finger\data\specialist\model3\cleaned\tomato_foliar_spot\orig_tomato_luisolazo_img_eb_2005_4b4b7f4b.jpg,foliar,sacred_split:field_val,True,calibration,calibration
C:\Users\xplod\Videos\FSWD\synod\Plant-disease-detection-for-brocolli-and-ladies-finger\data\specialist\model3\cleaned\tomato_foliar_spot\orig_plantdoc_eval_my-plant-has-brown-spots-leaf-_fb621670.jpg,foliar,sacred_split:field_val,True,calibration,calibration
C:\Users\xplod\Videos\FSWD\synod\Plant-disease-detection-for-brocolli-and-ladies-finger\data\specialist\model3\cleaned\tomato_foliar_spot\orig_plantdoc_eval_Leaf%2Bsymptoms%2BMDA_6cd8e703.jpg,foliar,sacred_split:field_val,True,calibration,calibration
C:\Users\xplod\Videos\FSWD\synod\Plant-disease-detection-for-brocolli-and-ladies-finger\data\specialist\model3\cleaned\tomato_foliar_spot\orig_tomato_luisolazo_img_lm_831_1b16e7dc.jpg,foliar,sacred_split:field_val,True,calibration,calibration
C:\Users\xplod\Videos\FSWD\synod\Plant-disease-detection-for-brocolli-and-ladies-finger\data\specialist\model3\cleaned\tomato_foliar_spot\orig_plantdoc_eval_tomato_8d11f17e.jpg,foliar,sacred_split:field_val,True,calibration,calibration
C:\Users\xplod\Videos\FSWD\synod\Plant-disease-detection-for-brocolli-and-ladies-finger\data\specialist\model3\cleaned\tomato_foliar_spot\orig_plantdoc_eval_RyBx7MH_c552fa44.jpg,foliar,sacred_split:field_val,True,calibration,calibration
C:\Users\xplod\Videos\FSWD\synod\Plant-disease-detection-for-brocolli-and-ladies-finger\data\specialist\model3\cleaned\tomato_foliar_spot\orig_plantdoc_eval_stock-photo-bacterial-spot-on-_6a60a032.jpg,foliar,sacred_split:field_val,True,calibration,calibration
C:\Users\xplod\Videos\FSWD\synod\Plant-disease-detection-for-brocolli-and-ladies-finger\data\specialist\model3\cleaned\tomato_foliar_spot\orig_tomato_luisolazo_img_eb_2040_337d1910.jpg,foliar,sacred_split:field_val,True,calibration,calibration
C:\Users\xplod\Videos\FSWD\synod\Plant-disease-detection-for-brocolli-and-ladies-finger\data\specialist\model3\cleaned\tomato_foliar_spot\orig_tomato_luisolazo_img_eb_850_2dd18cbb.jpg,foliar,sacred_split:field_val,True,calibration,calibration
C:\Users\xplod\Videos\FSWD\synod\Plant-disease-detection-for-brocolli-and-ladies-finger\data\specialist\model3\cleaned\tomato_foliar_spot\orig_tomato_luisolazo_img_eb_964_2021eb66.jpg,foliar,sacred_split:field_val,True,calibration,calibration
C:\Users\xplod\Videos\FSWD\synod\Plant-disease-detection-for-brocolli-and-ladies-finger\data\specialist\model3\cleaned\tomato_foliar_spot\orig_plantdoc_eval_tomato_bacterial-speck_01_zoom_6ee0eb15.jpg,foliar,sacred_split:field_val,True,calibration,calibration
C:\Users\xplod\Videos\FSWD\synod\Plant-disease-detection-for-brocolli-and-ladies-finger\data\specialist\model3\cleaned\tomato_foliar_spot\orig_plantdoc_eval_bacterial-canker4x640-1nz1vm7_e99ef7b1.jpg,foliar,sacred_split:field_val,True,calibration,calibration
C:\Users\xplod\Videos\FSWD\synod\Plant-disease-detection-for-brocolli-and-ladies-finger\data\specialist\model3\cleaned\tomato_foliar_spot\orig_plantdoc_eval_FS547-4-big_ffd0684a.jpg,foliar,sacred_split:field_val,True,calibration,calibration
C:\Users\xplod\Videos\FSWD\synod\Plant-disease-detection-for-brocolli-and-ladies-finger\data\specialist\model3\cleaned\tomato_foliar_spot\orig_plantdoc_eval_early_blight_tomato_7b4e25d9.jpg,foliar,sacred_split:field_val,True,calibration,calibration
C:\Users\xplod\Videos\FSWD\synod\Plant-disease-detection-for-brocolli-and-ladies-finger\data\specialist\model3\cleaned\tomato_foliar_spot\orig_plantdoc_train_%2320+Bacterial+Spot+and+Speck_a0ce5c03.jpg,foliar,sacred_split:field_val,True,calibration,calibration
C:\Users\xplod\Videos\FSWD\synod\Plant-disease-detection-for-brocolli-and-ladies-finger\data\specialist\model3\cleaned\tomato_septoria_leaf_spot\taiwan_Gray_spot_1fb17049.jpg,septoria,sacred_split:field_val,True,calibration,calibration
C:\Users\xplod\Videos\FSWD\synod\Plant-disease-detection-for-brocolli-and-ladies-finger\data\specialist\model3\cleaned\tomato_septoria_leaf_spot\taiwan_Gray_spot_b5d75c3d.jpg,septoria,sacred_split:field_val,True,calibration,calibration
C:\Users\xplod\Videos\FSWD\synod\Plant-disease-detection-for-brocolli-and-ladies-finger\data\specialist\model3\cleaned\tomato_septoria_leaf_spot\taiwan_Gray_spot_ef766832.jpg,septoria,sacred_split:field_val,True,calibration,calibration
C:\Users\xplod\Videos\FSWD\synod\Plant-disease-detection-for-brocolli-and-ladies-finger\data\specialist\model3\cleaned\tomato_septoria_leaf_spot\orig_plantdoc_eval_tomato-septoria-leaf-spot_71c48d2f.jpg,septoria,sacred_split:field_val,True,calibration,calibration
C:\Users\xplod\Videos\FSWD\synod\Plant-disease-detection-for-brocolli-and-ladies-finger\data\specialist\model3\cleaned\tomato_septoria_leaf_spot\taiwan_Gray_spot_38b3026c.jpg,septoria,sacred_split:field_val,True,calibration,calibration
C:\Users\xplod\Videos\FSWD\synod\Plant-disease-detection-for-brocolli-and-ladies-finger\data\specialist\model3\cleaned\tomato_septoria_leaf_spot\taiwan_Gray_spot_64555e6f.jpg,septoria,sacred_split:field_val,True,calibration,calibration
C:\Users\xplod\Videos\FSWD\synod\Plant-disease-detection-for-brocolli-and-ladies-finger\data\specialist\model3\cleaned\tomato_septoria_leaf_spot\taiwan_Gray_spot_ef243ab0.jpg,septoria,sacred_split:field_val,True,calibration,calibration
C:\Users\xplod\Videos\FSWD\synod\Plant-disease-detection-for-brocolli-and-ladies-finger\data\specialist\model3\cleaned\tomato_septoria_leaf_spot\taiwan_Gray_spot_1e57ed66.jpg,septoria,sacred_split:field_val,True,calibration,calibration
C:\Users\xplod\Videos\FSWD\synod\Plant-disease-detection-for-brocolli-and-ladies-finger\data\specialist\model3\cleaned\tomato_septoria_leaf_spot\orig_plantdoc_eval_6078710516023296-600x272.jpeg_e666de25.jpg,septoria,sacred_split:field_val,True,calibration,calibration
C:\Users\xplod\Videos\FSWD\synod\Plant-disease-detection-for-brocolli-and-ladies-finger\data\specialist\model3\cleaned\tomato_septoria_leaf_spot\taiwan_Gray_spot_bacb61c8.jpg,septoria,sacred_split:field_val,True,calibration,calibration
C:\Users\xplod\Videos\FSWD\synod\Plant-disease-detection-for-brocolli-and-ladies-finger\data\specialist\model3\cleaned\tomato_septoria_leaf_spot\taiwan_Gray_spot_649fd0f4.jpg,septoria,sacred_split:field_val,True,calibration,calibration
C:\Users\xplod\Videos\FSWD\synod\Plant-disease-detection-for-brocolli-and-ladies-finger\data\specialist\model3\cleaned\tomato_septoria_leaf_spot\taiwan_Gray_spot_968ae0e7.jpg,septoria,sacred_split:field_val,True,calibration,calibration
C:\Users\xplod\Videos\FSWD\synod\Plant-disease-detection-for-brocolli-and-ladies-finger\data\specialist\model3\cleaned\tomato_septoria_leaf_spot\taiwan_Gray_spot_75fa60e6.jpg,septoria,sacred_split:field_val,True,calibration,calibration
C:\Users\xplod\Videos\FSWD\synod\Plant-disease-detection-for-brocolli-and-ladies-finger\data\specialist\model3\cleaned\tomato_septoria_leaf_spot\taiwan_Gray_spot_4b0e718a.jpg,septoria,sacred_split:field_val,True,calibration,calibration
C:\Users\xplod\Videos\FSWD\synod\Plant-disease-detection-for-brocolli-and-ladies-finger\data\specialist\model3\cleaned\tomato_septoria_leaf_spot\taiwan_Gray_spot_29152578.jpg,septoria,sacred_split:field_val,True,calibration,calibration
C:\Users\xplod\Videos\FSWD\synod\Plant-disease-detection-for-brocolli-and-ladies-finger\data\specialist\model3\cleaned\tomato_septoria_leaf_spot\taiwan_Gray_spot_be34a7f6.jpg,septoria,sacred_split:field_val,True,calibration,calibration
C:\Users\xplod\Videos\FSWD\synod\Plant-disease-detection-for-brocolli-and-ladies-finger\data\specialist\model3\cleaned\tomato_late_blight\orig_plantdoc_eval_tomato_late-blight_05_zoom_2b08e9e6.jpg,late_blight,sacred_split:field_val,True,calibration,calibration
C:\Users\xplod\Videos\FSWD\synod\Plant-disease-detection-for-brocolli-and-ladies-finger\data\specialist\model3\cleaned\tomato_late_blight\orig_tomato_luisolazo_img_lb_2063_c52d54a2.jpg,late_blight,sacred_split:field_val,True,calibration,calibration
C:\Users\xplod\Videos\FSWD\synod\Plant-disease-detection-for-brocolli-and-ladies-finger\data\specialist\model3\cleaned\tomato_late_blight\taiwan_Late_blight_14c53ef3.jpg,late_blight,sacred_split:field_val,True,calibration,calibration
C:\Users\xplod\Videos\FSWD\synod\Plant-disease-detection-for-brocolli-and-ladies-finger\data\specialist\model3\cleaned\tomato_late_blight\taiwan_Late_blight_1b06a2b2.jpg,late_blight,sacred_split:field_val,True,calibration,calibration
C:\Users\xplod\Videos\FSWD\synod\Plant-disease-detection-for-brocolli-and-ladies-finger\data\specialist\model3\cleaned\tomato_late_blight\orig_tomato_luisolazo_img_lb_314_77587595.jpg,late_blight,sacred_split:field_val,True,calibration,calibration
C:\Users\xplod\Videos\FSWD\synod\Plant-disease-detection-for-brocolli-and-ladies-finger\data\specialist\model3\cleaned\tomato_late_blight\taiwan_Late_blight_6df1ecdb.jpg,late_blight,sacred_split:field_val,True,calibration,calibration
C:\Users\xplod\Videos\FSWD\synod\Plant-disease-detection-for-brocolli-and-ladies-finger\data\specialist\model3\cleaned\tomato_late_blight\orig_tomato_luisolazo_img_lb_1363_a1c0042b.jpg,late_blight,sacred_split:field_val,True,calibration,calibration
C:\Users\xplod\Videos\FSWD\synod\Plant-disease-detection-for-brocolli-and-ladies-finger\data\specialist\model3\cleaned\tomato_late_blight\orig_tomato_luisolazo_img_lb_45_0b51bbd1.jpg,late_blight,sacred_split:field_val,True,calibration,calibration
C:\Users\xplod\Videos\FSWD\synod\Plant-disease-detection-for-brocolli-and-ladies-finger\data\specialist\model3\cleaned\tomato_late_blight\orig_tomato_luisolazo_img_lb_1742_99b730b6.jpg,late_blight,sacred_split:field_val,True,calibration,calibration
C:\Users\xplod\Videos\FSWD\synod\Plant-disease-detection-for-brocolli-and-ladies-finger\data\specialist\model3\cleaned\tomato_late_blight\orig_tomato_luisolazo_img_lb_1850_40a91caa.jpg,late_blight,sacred_split:field_val,True,calibration,calibration
C:\Users\xplod\Videos\FSWD\synod\Plant-disease-detection-for-brocolli-and-ladies-finger\data\specialist\model3\cleaned\tomato_late_blight\orig_tomato_luisolazo_img_lb_1972_1f4a1194.jpg,late_blight,sacred_split:field_val,True,calibration,calibration
C:\Users\xplod\Videos\FSWD\synod\Plant-disease-detection-for-brocolli-and-ladies-finger\data\specialist\model3\cleaned\tomato_late_blight\taiwan_Late_blight_0c6c3b9c.jpg,late_blight,sacred_split:field_val,True,calibration,calibration
C:\Users\xplod\Videos\FSWD\synod\Plant-disease-detection-for-brocolli-and-ladies-finger\data\specialist\model3\cleaned\tomato_late_blight\orig_tomato_luisolazo_img_lb_1717_ac0683ed.jpg,late_blight,sacred_split:field_val,True,calibration,calibration
C:\Users\xplod\Videos\FSWD\synod\Plant-disease-detection-for-brocolli-and-ladies-finger\data\specialist\model3\cleaned\tomato_late_blight\taiwan_Late_blight_d70cbe5c.jpg,late_blight,sacred_split:field_val,True,calibration,calibration
C:\Users\xplod\Videos\FSWD\synod\Plant-disease-detection-for-brocolli-and-ladies-finger\data\specialist\model3\cleaned\tomato_late_blight\taiwan_Late_blight_5ab8880f.jpg,late_blight,sacred_split:field_val,True,calibration,calibration
C:\Users\xplod\Videos\FSWD\synod\Plant-disease-detection-for-brocolli-and-ladies-finger\data\specialist\model3\cleaned\tomato_late_blight\taiwan_Late_blight_27f06c5d.jpg,late_blight,sacred_split:field_val,True,calibration,calibration
C:\Users\xplod\Videos\FSWD\synod\Plant-disease-detection-for-brocolli-and-ladies-finger\data\specialist\model3\cleaned\tomato_late_blight\taiwan_Late_blight_2d7f2c3a.jpg,late_blight,sacred_split:field_val,True,calibration,calibration
C:\Users\xplod\Videos\FSWD\synod\Plant-disease-detection-for-brocolli-and-ladies-finger\data\specialist\model3\cleaned\tomato_late_blight\taiwan_Late_blight_6f8e8250.jpg,late_blight,sacred_split:field_val,True,calibration,calibration
C:\Users\xplod\Videos\FSWD\synod\Plant-disease-detection-for-brocolli-and-ladies-finger\data\specialist\model3\cleaned\tomato_yellow_leaf_curl_virus\orig_plantdoc_eval_tomato-yellow-leaf-curl-virus-_62cd881a.jpg,ylcv,sacred_split:field_val,True,calibration,calibration
C:\Users\xplod\Videos\FSWD\synod\Plant-disease-detection-for-brocolli-and-ladies-finger\data\specialist\model3\cleaned\tomato_yellow_leaf_curl_virus\orig_plantdoc_eval_role-of-whitefly-in-plant-viru_5d98f399.jpg,ylcv,sacred_split:field_val,True,calibration,calibration
C:\Users\xplod\Videos\FSWD\synod\Plant-disease-detection-for-brocolli-and-ladies-finger\data\specialist\model3\cleaned\tomato_yellow_leaf_curl_virus\orig_plantdoc_eval_Figure-4_01a00af8.jpg,ylcv,sacred_split:field_val,True,calibration,calibration
C:\Users\xplod\Videos\FSWD\synod\Plant-disease-detection-for-brocolli-and-ladies-finger\data\specialist\model3\cleaned\tomato_mosaic_virus\orig_plantdoc_eval_fig1-2k11-163-165_d57c30d1.jpg,mosaic,sacred_split:field_val,True,calibration,calibration
C:\Users\xplod\Videos\FSWD\synod\Plant-disease-detection-for-brocolli-and-ladies-finger\data\specialist\model3\cleaned\tomato_mosaic_virus\orig_tomato_luisolazo_img_mv_11_1fbba8bd.jpg,mosaic,sacred_split:field_val,True,calibration,calibration
C:\Users\xplod\Videos\FSWD\synod\Plant-disease-detection-for-brocolli-and-ladies-finger\data\specialist\model3\cleaned\tomato_mosaic_virus\orig_tomato_luisolazo_img_mv_612_c39cc3b7.jpg,mosaic,sacred_split:field_val,True,calibration,calibration
C:\Users\xplod\Videos\FSWD\synod\Plant-disease-detection-for-brocolli-and-ladies-finger\data\specialist\model3\cleaned\tomato_mosaic_virus\orig_tomato_luisolazo_img_mv_326_833455b7.jpg,mosaic,sacred_split:field_val,True,calibration,calibration
C:\Users\xplod\Videos\FSWD\synod\Plant-disease-detection-for-brocolli-and-ladies-finger\data\specialist\model3\cleaned\tomato_mosaic_virus\orig_tomato_luisolazo_img_mv_100_5aa67b06.jpg,mosaic,sacred_split:field_val,True,calibration,calibration
C:\Users\xplod\Videos\FSWD\synod\Plant-disease-detection-for-brocolli-and-ladies-finger\data\specialist\model3\cleaned\tomato_mosaic_virus\orig_tomato_luisolazo_img_mv_1035_fb9e268f.jpg,mosaic,sacred_split:field_val,True,calibration,calibration
C:\Users\xplod\Videos\FSWD\synod\Plant-disease-detection-for-brocolli-and-ladies-finger\data\specialist\model3\cleaned\tomato_mosaic_virus\orig_tomato_luisolazo_img_mv_447_535d7fe4.jpg,mosaic,sacred_split:field_val,True,calibration,calibration
C:\Users\xplod\Videos\FSWD\synod\Plant-disease-detection-for-brocolli-and-ladies-finger\data\specialist\model3\cleaned\tomato_mosaic_virus\orig_tomato_luisolazo_img_mv_253_14654425.jpg,mosaic,sacred_split:field_val,True,calibration,calibration
C:\Users\xplod\Videos\FSWD\synod\Plant-disease-detection-for-brocolli-and-ladies-finger\data\specialist\model3\cleaned\tomato_healthy\taiwan_health_0b499daa.jpg,healthy,sacred_split:field_val,True,calibration,calibration
C:\Users\xplod\Videos\FSWD\synod\Plant-disease-detection-for-brocolli-and-ladies-finger\data\specialist\model3\cleaned\tomato_healthy\src4_bdfield_h_000187.jpg,healthy,sacred_split:field_val,True,calibration,calibration
C:\Users\xplod\Videos\FSWD\synod\Plant-disease-detection-for-brocolli-and-ladies-finger\data\specialist\model3\cleaned\tomato_healthy\src4_bdfield_h_000115.jpg,healthy,sacred_split:field_val,True,calibration,calibration
C:\Users\xplod\Videos\FSWD\synod\Plant-disease-detection-for-brocolli-and-ladies-finger\data\specialist\model3\cleaned\tomato_healthy\src4_bdfield_h_000095.jpg,healthy,sacred_split:field_val,True,calibration,calibration
C:\Users\xplod\Videos\FSWD\synod\Plant-disease-detection-for-brocolli-and-ladies-finger\data\specialist\model3\cleaned\tomato_healthy\src4_bdfield_h_000125.jpg,healthy,sacred_split:field_val,True,calibration,calibration
C:\Users\xplod\Videos\FSWD\synod\Plant-disease-detection-for-brocolli-and-ladies-finger\data\specialist\model3\cleaned\tomato_healthy\src4_bdfield_h_000360.jpg,healthy,sacred_split:field_val,True,calibration,calibration
C:\Users\xplod\Videos\FSWD\synod\Plant-disease-detection-for-brocolli-and-ladies-finger\data\specialist\model3\cleaned\tomato_healthy\taiwan_health_27071d4f.jpg,healthy,sacred_split:field_val,True,calibration,calibration
C:\Users\xplod\Videos\FSWD\synod\Plant-disease-detection-for-brocolli-and-ladies-finger\data\specialist\model3\cleaned\tomato_healthy\src4_bdfield_h_000032.jpg,healthy,sacred_split:field_val,True,calibration,calibration
C:\Users\xplod\Videos\FSWD\synod\Plant-disease-detection-for-brocolli-and-ladies-finger\data\specialist\model3\cleaned\tomato_healthy\src4_bdfield_h_000234.jpg,healthy,sacred_split:field_val,True,calibration,calibration
C:\Users\xplod\Videos\FSWD\synod\Plant-disease-detection-for-brocolli-and-ladies-finger\data\specialist\model3\cleaned\tomato_healthy\src4_bdfield_h_000368.jpg,healthy,sacred_split:field_val,True,calibration,calibration
C:\Users\xplod\Videos\FSWD\synod\Plant-disease-detection-for-brocolli-and-ladies-finger\data\specialist\model3\cleaned\tomato_healthy\src4_bdfield_h_000139.jpg,healthy,sacred_split:field_val,True,calibration,calibration
C:\Users\xplod\Videos\FSWD\synod\Plant-disease-detection-for-brocolli-and-ladies-finger\data\specialist\model3\cleaned\tomato_healthy\src4_bdfield_h_000393.jpg,healthy,sacred_split:field_val,True,calibration,calibration
C:\Users\xplod\Videos\FSWD\synod\Plant-disease-detection-for-brocolli-and-ladies-finger\data\specialist\model3\cleaned\tomato_healthy\src4_bdfield_h_000235.jpg,healthy,sacred_split:field_val,True,calibration,calibration
C:\Users\xplod\Videos\FSWD\synod\Plant-disease-detection-for-brocolli-and-ladies-finger\data\specialist\model3\cleaned\tomato_healthy\src4_bdfield_h_000296.jpg,healthy,sacred_split:field_val,True,calibration,calibration
C:\Users\xplod\Videos\FSWD\synod\Plant-disease-detection-for-brocolli-and-ladies-finger\data\specialist\model3\cleaned\tomato_healthy\src4_bdfield_h_000451.jpg,healthy,sacred_split:field_val,True,calibration,calibration
C:\Users\xplod\Videos\FSWD\synod\Plant-disease-detection-for-brocolli-and-ladies-finger\data\specialist\model3\cleaned\tomato_healthy\orig_tomato_luisolazo_img_h_343_6755ffe3.jpg,healthy,sacred_split:field_val,True,calibration,calibration
C:\Users\xplod\Videos\FSWD\synod\Plant-disease-detection-for-brocolli-and-ladies-finger\data\specialist\model3\cleaned\tomato_healthy\src4_bdfield_h_000231.jpg,healthy,sacred_split:field_val,True,calibration,calibration
C:\Users\xplod\Videos\FSWD\synod\Plant-disease-detection-for-brocolli-and-ladies-finger\data\specialist\model3\cleaned\tomato_healthy\src4_bdfield_h_000090.jpg,healthy,sacred_split:field_val,True,calibration,calibration
C:\Users\xplod\Videos\FSWD\synod\Plant-disease-detection-for-brocolli-and-ladies-finger\data\specialist\model3\cleaned\tomato_healthy\taiwan_health_29f0dfda.jpg,healthy,sacred_split:field_val,True,calibration,calibration
C:\Users\xplod\Videos\FSWD\synod\Plant-disease-detection-for-brocolli-and-ladies-finger\data\specialist\model3\cleaned\tomato_healthy\src4_bdfield_h_000369.jpg,healthy,sacred_split:field_val,True,calibration,calibration
C:\Users\xplod\Videos\FSWD\synod\Plant-disease-detection-for-brocolli-and-ladies-finger\data\specialist\model3\cleaned\tomato_healthy\src4_bdfield_h_000246.jpg,healthy,sacred_split:field_val,True,calibration,calibration
C:\Users\xplod\Videos\FSWD\synod\Plant-disease-detection-for-brocolli-and-ladies-finger\data\specialist\model3\cleaned\tomato_healthy\taiwan_health_e051a00a.jpg,healthy,sacred_split:field_val,True,calibration,calibration
C:\Users\xplod\Videos\FSWD\synod\Plant-disease-detection-for-brocolli-and-ladies-finger\data\specialist\model3\cleaned\tomato_healthy\src4_bdfield_h_000402.jpg,healthy,sacred_split:field_val,True,calibration,calibration
C:\Users\xplod\Videos\FSWD\synod\Plant-disease-detection-for-brocolli-and-ladies-finger\data\specialist\model3\cleaned\tomato_healthy\src4_bdfield_h_000102.jpg,healthy,sacred_split:field_val,True,calibration,calibration
C:\Users\xplod\Videos\FSWD\synod\Plant-disease-detection-for-brocolli-and-ladies-finger\data\specialist\model3\cleaned\tomato_healthy\src4_bdfield_h_000080.jpg,healthy,sacred_split:field_val,True,calibration,calibration
C:\Users\xplod\Videos\FSWD\synod\Plant-disease-detection-for-brocolli-and-ladies-finger\data\specialist\model3\cleaned\tomato_healthy\orig_tomato_luisolazo_img_h_1066_59934e3b.jpg,healthy,sacred_split:field_val,True,calibration,calibration
C:\Users\xplod\Videos\FSWD\synod\Plant-disease-detection-for-brocolli-and-ladies-finger\data\specialist\model3\cleaned\tomato_healthy\orig_tomato_luisolazo_img_h_1412_069440df.jpg,healthy,sacred_split:field_val,True,calibration,calibration
C:\Users\xplod\Videos\FSWD\synod\Plant-disease-detection-for-brocolli-and-ladies-finger\data\specialist\model3\cleaned\tomato_healthy\src4_bdfield_h_000038.jpg,healthy,sacred_split:field_val,True,calibration,calibration
C:\Users\xplod\Videos\FSWD\synod\Plant-disease-detection-for-brocolli-and-ladies-finger\data\specialist\model3\cleaned\tomato_healthy\src4_bdfield_h_000315.jpg,healthy,sacred_split:field_val,True,calibration,calibration
C:\Users\xplod\Videos\FSWD\synod\Plant-disease-detection-for-brocolli-and-ladies-finger\data\specialist\model3\cleaned\tomato_healthy\src4_bdfield_h_000196.jpg,healthy,sacred_split:field_val,True,calibration,calibration
C:\Users\xplod\Videos\FSWD\synod\Plant-disease-detection-for-brocolli-and-ladies-finger\data\specialist\model3\cleaned\tomato_healthy\taiwan_health_2a996a39.jpg,healthy,sacred_split:field_val,True,calibration,calibration
C:\Users\xplod\Videos\FSWD\synod\Plant-disease-detection-for-brocolli-and-ladies-finger\data\specialist\model3\cleaned\tomato_healthy\src4_bdfield_h_000131.jpg,healthy,sacred_split:field_val,True,calibration,calibration
C:\Users\xplod\Videos\FSWD\synod\Plant-disease-detection-for-brocolli-and-ladies-finger\data\specialist\model3\cleaned\tomato_healthy\src4_bdfield_h_000342.jpg,healthy,sacred_split:field_val,True,calibration,calibration
C:\Users\xplod\Videos\FSWD\synod\Plant-disease-detection-for-brocolli-and-ladies-finger\data\specialist\model3\cleaned\tomato_healthy\src4_bdfield_h_000167.jpg,healthy,sacred_split:field_val,True,calibration,calibration
C:\Users\xplod\Videos\FSWD\synod\Plant-disease-detection-for-brocolli-and-ladies-finger\data\specialist\model3\cleaned\tomato_healthy\src4_bdfield_h_000024.jpg,healthy,sacred_split:field_val,True,calibration,calibration
C:\Users\xplod\Videos\FSWD\synod\Plant-disease-detection-for-brocolli-and-ladies-finger\data\specialist\model3\cleaned\tomato_healthy\src4_bdfield_h_000165.jpg,healthy,sacred_split:field_val,True,calibration,calibration
C:\Users\xplod\Videos\FSWD\synod\Plant-disease-detection-for-brocolli-and-ladies-finger\data\specialist\model3\cleaned\tomato_healthy\taiwan_health_61c604bd.jpg,healthy,sacred_split:field_val,True,calibration,calibration
C:\Users\xplod\Videos\FSWD\synod\Plant-disease-detection-for-brocolli-and-ladies-finger\data\specialist\model3\cleaned\tomato_healthy\src4_bdfield_h_000301.jpg,healthy,sacred_split:field_val,True,calibration,calibration
C:\Users\xplod\Videos\FSWD\synod\Plant-disease-detection-for-brocolli-and-ladies-finger\data\specialist\model3\cleaned\tomato_healthy\src4_bdfield_h_000308.jpg,healthy,sacred_split:field_val,True,calibration,calibration
C:\Users\xplod\Videos\FSWD\synod\Plant-disease-detection-for-brocolli-and-ladies-finger\data\specialist\model3\cleaned\tomato_healthy\src4_bdfield_h_000334.jpg,healthy,sacred_split:field_val,True,calibration,calibration
C:\Users\xplod\Videos\FSWD\synod\Plant-disease-detection-for-brocolli-and-ladies-finger\data\specialist\model3\cleaned\tomato_healthy\src4_bdfield_h_000173.jpg,healthy,sacred_split:field_val,True,calibration,calibration
C:\Users\xplod\Videos\FSWD\synod\Plant-disease-detection-for-brocolli-and-ladies-finger\data\specialist\model3\cleaned\tomato_healthy\src4_bdfield_h_000020.jpg,healthy,sacred_split:field_val,True,calibration,calibration
C:\Users\xplod\Videos\FSWD\synod\Plant-disease-detection-for-brocolli-and-ladies-finger\data\specialist\model3\cleaned\tomato_healthy\src4_bdfield_h_000357.jpg,healthy,sacred_split:field_val,True,calibration,calibration
C:\Users\xplod\Videos\FSWD\synod\Plant-disease-detection-for-brocolli-and-ladies-finger\data\specialist\model3\cleaned\tomato_healthy\src4_bdfield_h_000029.jpg,healthy,sacred_split:field_val,True,calibration,calibration
C:\Users\xplod\Videos\FSWD\synod\Plant-disease-detection-for-brocolli-and-ladies-finger\data\specialist\model3\cleaned\tomato_healthy\taiwan_health_e1797c65.jpg,healthy,sacred_split:field_val,True,calibration,calibration
C:\Users\xplod\Videos\FSWD\synod\Plant-disease-detection-for-brocolli-and-ladies-finger\data\specialist\model3\cleaned\tomato_healthy\orig_tomato_luisolazo_img_h_1110_1a93cc16.jpg,healthy,sacred_split:field_val,True,calibration,calibration
C:\Users\xplod\Videos\FSWD\synod\Plant-disease-detection-for-brocolli-and-ladies-finger\data\specialist\model3\cleaned\tomato_healthy\src4_bdfield_h_000243.jpg,healthy,sacred_split:field_val,True,calibration,calibration
C:\Users\xplod\Videos\FSWD\synod\Plant-disease-detection-for-brocolli-and-ladies-finger\data\specialist\model3\cleaned\tomato_healthy\src4_bdfield_h_000089.jpg,healthy,sacred_split:field_val,True,calibration,calibration
C:\Users\xplod\Videos\FSWD\synod\Plant-disease-detection-for-brocolli-and-ladies-finger\data\specialist\model3\cleaned\tomato_healthy\src4_bdfield_h_000424.jpg,healthy,sacred_split:field_val,True,calibration,calibration
C:\Users\xplod\Videos\FSWD\synod\Plant-disease-detection-for-brocolli-and-ladies-finger\data\specialist\model3\cleaned\tomato_healthy\src4_bdfield_h_000045.jpg,healthy,sacred_split:field_val,True,calibration,calibration
C:\Users\xplod\Videos\FSWD\synod\Plant-disease-detection-for-brocolli-and-ladies-finger\data\specialist\model3\cleaned\tomato_healthy\src4_bdfield_h_000135.jpg,healthy,sacred_split:field_val,True,calibration,calibration
C:\Users\xplod\Videos\FSWD\synod\Plant-disease-detection-for-brocolli-and-ladies-finger\data\specialist\model3\cleaned\tomato_healthy\src4_bdfield_h_000129.jpg,healthy,sacred_split:field_val,True,calibration,calibration
C:\Users\xplod\Videos\FSWD\synod\Plant-disease-detection-for-brocolli-and-ladies-finger\data\specialist\model3\cleaned\tomato_healthy\src4_bdfield_h_000250.jpg,healthy,sacred_split:field_val,True,calibration,calibration
C:\Users\xplod\Videos\FSWD\synod\Plant-disease-detection-for-brocolli-and-ladies-finger\data\specialist\model3\cleaned\tomato_healthy\src4_bdfield_h_000410.jpg,healthy,sacred_split:field_val,True,calibration,calibration
C:\Users\xplod\Videos\FSWD\synod\Plant-disease-detection-for-brocolli-and-ladies-finger\data\specialist\model3\cleaned\tomato_healthy\taiwan_health_f527f90b.jpg,healthy,sacred_split:field_val,True,calibration,calibration
C:\Users\xplod\Videos\FSWD\synod\Plant-disease-detection-for-brocolli-and-ladies-finger\data\specialist\model3\cleaned\tomato_healthy\src4_bdfield_h_000476.jpg,healthy,sacred_split:field_val,True,calibration,calibration
C:\Users\xplod\Videos\FSWD\synod\Plant-disease-detection-for-brocolli-and-ladies-finger\data\specialist\model3\cleaned\tomato_healthy\src4_bdfield_h_000143.jpg,healthy,sacred_split:field_val,True,calibration,calibration
C:\Users\xplod\Videos\FSWD\synod\Plant-disease-detection-for-brocolli-and-ladies-finger\data\specialist\model3\cleaned\tomato_healthy\src4_bdfield_h_000112.jpg,healthy,sacred_split:field_val,True,calibration,calibration
C:\Users\xplod\Videos\FSWD\synod\Plant-disease-detection-for-brocolli-and-ladies-finger\data\specialist\model3\cleaned\tomato_healthy\taiwan_health_ad3a7ad2.jpg,healthy,sacred_split:field_val,True,calibration,calibration
C:\Users\xplod\Videos\FSWD\synod\Plant-disease-detection-for-brocolli-and-ladies-finger\data\specialist\model3\cleaned\tomato_healthy\src4_bdfield_h_000072.jpg,healthy,sacred_split:field_val,True,calibration,calibration
C:\Users\xplod\Videos\FSWD\synod\Plant-disease-detection-for-brocolli-and-ladies-finger\data\specialist\model3\cleaned\tomato_healthy\src4_bdfield_h_000133.jpg,healthy,sacred_split:field_val,True,calibration,calibration
C:\Users\xplod\Videos\FSWD\synod\Plant-disease-detection-for-brocolli-and-ladies-finger\data\specialist\model3\cleaned\tomato_healthy\src4_bdfield_h_000017.jpg,healthy,sacred_split:field_val,True,calibration,calibration
C:\Users\xplod\Videos\FSWD\synod\Plant-disease-detection-for-brocolli-and-ladies-finger\data\specialist\model3\cleaned\tomato_healthy\orig_tomato_luisolazo_img_h_205_7a8e05bb.jpg,healthy,sacred_split:field_val,True,calibration,calibration
C:\Users\xplod\Videos\FSWD\synod\Plant-disease-detection-for-brocolli-and-ladies-finger\data\specialist\model3\cleaned\tomato_healthy\src4_bdfield_h_000097.jpg,healthy,sacred_split:field_val,True,calibration,calibration
C:\Users\xplod\Videos\FSWD\synod\Plant-disease-detection-for-brocolli-and-ladies-finger\data\specialist\model3\cleaned\tomato_healthy\src4_bdfield_h_000358.jpg,healthy,sacred_split:field_val,True,calibration,calibration
C:\Users\xplod\Videos\FSWD\synod\Plant-disease-detection-for-brocolli-and-ladies-finger\data\specialist\model3\cleaned\tomato_healthy\src4_bdfield_h_000399.jpg,healthy,sacred_split:field_val,True,calibration,calibration
C:\Users\xplod\Videos\FSWD\synod\Plant-disease-detection-for-brocolli-and-ladies-finger\data\specialist\model3\cleaned\tomato_healthy\src4_bdfield_h_000474.jpg,healthy,sacred_split:field_val,True,calibration,calibration
C:\Users\xplod\Videos\FSWD\synod\Plant-disease-detection-for-brocolli-and-ladies-finger\data\specialist\model3\cleaned\tomato_healthy\src4_bdfield_h_000272.jpg,healthy,sacred_split:field_val,True,calibration,calibration
C:\Users\xplod\Videos\FSWD\synod\Plant-disease-detection-for-brocolli-and-ladies-finger\data\specialist\model3\cleaned\tomato_healthy\src4_bdfield_h_000219.jpg,healthy,sacred_split:field_val,True,calibration,calibration
C:\Users\xplod\Videos\FSWD\synod\Plant-disease-detection-for-brocolli-and-ladies-finger\data\specialist\model3\cleaned\tomato_healthy\src4_bdfield_h_000035.jpg,healthy,sacred_split:field_val,True,calibration,calibration
C:\Users\xplod\Videos\FSWD\synod\Plant-disease-detection-for-brocolli-and-ladies-finger\data\specialist\model3\cleaned\tomato_healthy\src4_bdfield_h_000117.jpg,healthy,sacred_split:field_val,True,calibration,calibration
C:\Users\xplod\Videos\FSWD\synod\Plant-disease-detection-for-brocolli-and-ladies-finger\data\specialist\model3\cleaned\tomato_healthy\src4_bdfield_h_000314.jpg,healthy,sacred_split:field_val,True,calibration,calibration
C:\Users\xplod\Videos\FSWD\synod\Plant-disease-detection-for-brocolli-and-ladies-finger\data\specialist\model3\cleaned\tomato_healthy\src4_bdfield_h_000268.jpg,healthy,sacred_split:field_val,True,calibration,calibration
C:\Users\xplod\Videos\FSWD\synod\Plant-disease-detection-for-brocolli-and-ladies-finger\data\specialist\model3\cleaned\tomato_healthy\src4_bdfield_h_000052.jpg,healthy,sacred_split:field_val,True,calibration,calibration
C:\Users\xplod\Videos\FSWD\synod\Plant-disease-detection-for-brocolli-and-ladies-finger\data\specialist\model3\cleaned\tomato_healthy\src4_bdfield_h_000483.jpg,healthy,sacred_split:field_val,True,calibration,calibration
C:\Users\xplod\Videos\FSWD\synod\Plant-disease-detection-for-brocolli-and-ladies-finger\data\specialist\model3\cleaned\tomato_healthy\src4_bdfield_h_000225.jpg,healthy,sacred_split:field_val,True,calibration,calibration
C:\Users\xplod\Videos\FSWD\synod\Plant-disease-detection-for-brocolli-and-ladies-finger\data\specialist\model3\cleaned\tomato_healthy\src4_bdfield_h_000209.jpg,healthy,sacred_split:field_val,True,calibration,calibration
C:\Users\xplod\Videos\FSWD\synod\Plant-disease-detection-for-brocolli-and-ladies-finger\data\specialist\model3\cleaned\tomato_healthy\src4_bdfield_h_000202.jpg,healthy,sacred_split:field_val,True,calibration,calibration
C:\Users\xplod\Videos\FSWD\synod\Plant-disease-detection-for-brocolli-and-ladies-finger\data\specialist\model3\cleaned\tomato_healthy\src4_bdfield_h_000298.jpg,healthy,sacred_split:field_val,True,calibration,calibration
C:\Users\xplod\Videos\FSWD\synod\Plant-disease-detection-for-brocolli-and-ladies-finger\data\specialist\model3\cleaned\tomato_healthy\src4_bdfield_h_000282.jpg,healthy,sacred_split:field_val,True,calibration,calibration
C:\Users\xplod\Videos\FSWD\synod\Plant-disease-detection-for-brocolli-and-ladies-finger\data\specialist\model3\cleaned\tomato_healthy\taiwan_health_6447d3d9.jpg,healthy,sacred_split:field_val,True,calibration,calibration
C:\Users\xplod\Videos\FSWD\synod\Plant-disease-detection-for-brocolli-and-ladies-finger\data\specialist\model3\cleaned\tomato_healthy\src4_bdfield_h_000050.jpg,healthy,sacred_split:field_val,True,calibration,calibration
C:\Users\xplod\Videos\FSWD\synod\Plant-disease-detection-for-brocolli-and-ladies-finger\data\specialist\model3\cleaned\tomato_healthy\src4_bdfield_h_000390.jpg,healthy,sacred_split:field_val,True,calibration,calibration
C:\Users\xplod\Videos\FSWD\synod\Plant-disease-detection-for-brocolli-and-ladies-finger\data\specialist\model3\cleaned\tomato_healthy\src4_bdfield_h_000441.jpg,healthy,sacred_split:field_val,True,calibration,calibration
C:\Users\xplod\Videos\FSWD\synod\Plant-disease-detection-for-brocolli-and-ladies-finger\data\specialist\model3\cleaned\tomato_healthy\src4_bdfield_h_000019.jpg,healthy,sacred_split:field_val,True,calibration,calibration
C:\Users\xplod\Videos\FSWD\synod\Plant-disease-detection-for-brocolli-and-ladies-finger\data\specialist\model3\cleaned\tomato_healthy\src4_bdfield_h_000054.jpg,healthy,sacred_split:field_val,True,calibration,calibration
C:\Users\xplod\Videos\FSWD\synod\Plant-disease-detection-for-brocolli-and-ladies-finger\data\specialist\model3\cleaned\tomato_healthy\taiwan_health_9d28b601.jpg,healthy,sacred_split:field_val,True,calibration,calibration
C:\Users\xplod\Videos\FSWD\synod\Plant-disease-detection-for-brocolli-and-ladies-finger\data\specialist\model3\cleaned\tomato_healthy\orig_tomato_luisolazo_img_h_1296_6066a914.jpg,healthy,sacred_split:field_val,True,calibration,calibration
C:\Users\xplod\Videos\FSWD\synod\Plant-disease-detection-for-brocolli-and-ladies-finger\data\specialist\model3\cleaned\tomato_healthy\src4_bdfield_h_000193.jpg,healthy,sacred_split:field_val,True,calibration,calibration
C:\Users\xplod\Videos\FSWD\synod\Plant-disease-detection-for-brocolli-and-ladies-finger\data\specialist\model3\cleaned\tomato_healthy\src4_bdfield_h_000236.jpg,healthy,sacred_split:field_val,True,calibration,calibration
C:\Users\xplod\Videos\FSWD\synod\Plant-disease-detection-for-brocolli-and-ladies-finger\data\specialist\model3\cleaned\tomato_healthy\taiwan_health_d15e3f0c.jpg,healthy,sacred_split:field_val,True,calibration,calibration
C:\Users\xplod\Videos\FSWD\synod\Plant-disease-detection-for-brocolli-and-ladies-finger\data\specialist\model3\cleaned\tomato_healthy\src4_bdfield_h_000077.jpg,healthy,sacred_split:field_val,True,calibration,calibration
C:\Users\xplod\Videos\FSWD\synod\Plant-disease-detection-for-brocolli-and-ladies-finger\data\specialist\model3\cleaned\tomato_healthy\taiwan_health_89ad92ac.jpg,healthy,sacred_split:field_val,True,calibration,calibration
C:\Users\xplod\Videos\FSWD\synod\Plant-disease-detection-for-brocolli-and-ladies-finger\data\specialist\model3\cleaned\tomato_healthy\src4_bdfield_h_000384.jpg,healthy,sacred_split:field_val,True,calibration,calibration
C:\Users\xplod\Videos\FSWD\synod\Plant-disease-detection-for-brocolli-and-ladies-finger\data\specialist\model3\cleaned\tomato_healthy\src4_bdfield_h_000479.jpg,healthy,sacred_split:field_val,True,calibration,calibration
C:\Users\xplod\Videos\FSWD\synod\Plant-disease-detection-for-brocolli-and-ladies-finger\data\specialist\model3\cleaned\tomato_healthy\src4_bdfield_h_000429.jpg,healthy,sacred_split:field_val,True,calibration,calibration
C:\Users\xplod\Videos\FSWD\synod\Plant-disease-detection-for-brocolli-and-ladies-finger\data\specialist\model3\cleaned\tomato_healthy\src4_bdfield_h_000091.jpg,healthy,sacred_split:field_val,True,calibration,calibration
C:\Users\xplod\Videos\FSWD\synod\Plant-disease-detection-for-brocolli-and-ladies-finger\data\specialist\model3\cleaned\tomato_healthy\src4_bdfield_h_000293.jpg,healthy,sacred_split:field_val,True,calibration,calibration
C:\Users\xplod\Videos\FSWD\synod\Plant-disease-detection-for-brocolli-and-ladies-finger\data\specialist\model3\cleaned\tomato_healthy\src4_bdfield_h_000068.jpg,healthy,sacred_split:field_val,True,calibration,calibration
C:\Users\xplod\Videos\FSWD\synod\Plant-disease-detection-for-brocolli-and-ladies-finger\data\specialist\model3\cleaned\tomato_healthy\src4_bdfield_h_000127.jpg,healthy,sacred_split:field_val,True,calibration,calibration
C:\Users\xplod\Videos\FSWD\synod\Plant-disease-detection-for-brocolli-and-ladies-finger\data\specialist\model3\cleaned\tomato_healthy\src4_bdfield_h_000162.jpg,healthy,sacred_split:field_val,True,calibration,calibration
C:\Users\xplod\Videos\FSWD\synod\Plant-disease-detection-for-brocolli-and-ladies-finger\data\specialist\model3\cleaned\tomato_healthy\taiwan_health_27b10fd1.jpg,healthy,sacred_split:field_val,True,calibration,calibration
C:\Users\xplod\Videos\FSWD\synod\Plant-disease-detection-for-brocolli-and-ladies-finger\data\specialist\model3\cleaned\tomato_healthy\src4_bdfield_h_000172.jpg,healthy,sacred_split:field_val,True,calibration,calibration
C:\Users\xplod\Videos\FSWD\synod\Plant-disease-detection-for-brocolli-and-ladies-finger\data\specialist\model3\cleaned\tomato_healthy\orig_tomato_luisolazo_img_h_1050_31b47a85.jpg,healthy,sacred_split:field_val,True,calibration,calibration
C:\Users\xplod\Videos\FSWD\synod\Plant-disease-detection-for-brocolli-and-ladies-finger\data\specialist\model3\cleaned\tomato_healthy\src4_bdfield_h_000352.jpg,healthy,sacred_split:field_val,True,calibration,calibration
C:\Users\xplod\Videos\FSWD\synod\Plant-disease-detection-for-brocolli-and-ladies-finger\data\specialist\model3\cleaned\tomato_healthy\src4_bdfield_h_000040.jpg,healthy,sacred_split:field_val,True,calibration,calibration
C:\Users\xplod\Videos\FSWD\synod\Plant-disease-detection-for-brocolli-and-ladies-finger\data\specialist\model3\cleaned\tomato_healthy\src4_bdfield_h_000341.jpg,healthy,sacred_split:field_val,True,calibration,calibration
C:\Users\xplod\Videos\FSWD\synod\Plant-disease-detection-for-brocolli-and-ladies-finger\data\specialist\model3\cleaned\tomato_healthy\src4_bdfield_h_000437.jpg,healthy,sacred_split:field_val,True,calibration,calibration
C:\Users\xplod\Videos\FSWD\synod\Plant-disease-detection-for-brocolli-and-ladies-finger\data\specialist\model3\cleaned\tomato_healthy\orig_tomato_luisolazo_img_h_1078_d71295b4.jpg,healthy,sacred_split:field_val,True,calibration,calibration
C:\Users\xplod\Videos\FSWD\synod\Plant-disease-detection-for-brocolli-and-ladies-finger\data\specialist\model3\cleaned\tomato_healthy\src4_bdfield_h_000238.jpg,healthy,sacred_split:field_val,True,calibration,calibration
C:\Users\xplod\Videos\FSWD\synod\Plant-disease-detection-for-brocolli-and-ladies-finger\data\specialist\model3\cleaned\tomato_healthy\src4_bdfield_h_000461.jpg,healthy,sacred_split:field_val,True,calibration,calibration
C:\Users\xplod\Videos\FSWD\synod\Plant-disease-detection-for-brocolli-and-ladies-finger\data\specialist\model3\cleaned\tomato_healthy\src4_bdfield_h_000027.jpg,healthy,sacred_split:field_val,True,calibration,calibration
C:\Users\xplod\Videos\FSWD\synod\Plant-disease-detection-for-brocolli-and-ladies-finger\data\specialist\model3\cleaned\tomato_healthy\src4_bdfield_h_000063.jpg,healthy,sacred_split:field_val,True,calibration,calibration
C:\Users\xplod\Videos\FSWD\synod\Plant-disease-detection-for-brocolli-and-ladies-finger\data\specialist\model3\cleaned\tomato_healthy\taiwan_health_a5beba84.jpg,healthy,sacred_split:field_val,True,calibration,calibration
C:\Users\xplod\Videos\FSWD\synod\Plant-disease-detection-for-brocolli-and-ladies-finger\data\specialist\model3\cleaned\tomato_healthy\src4_bdfield_h_000079.jpg,healthy,sacred_split:field_val,True,calibration,calibration
C:\Users\xplod\Videos\FSWD\synod\Plant-disease-detection-for-brocolli-and-ladies-finger\data\specialist\model3\cleaned\tomato_healthy\src4_bdfield_h_000433.jpg,healthy,sacred_split:field_val,True,calibration,calibration
C:\Users\xplod\Videos\FSWD\synod\Plant-disease-detection-for-brocolli-and-ladies-finger\data\specialist\model3\cleaned\tomato_healthy\src4_bdfield_h_000381.jpg,healthy,sacred_split:field_val,True,calibration,calibration
C:\Users\xplod\Videos\FSWD\synod\Plant-disease-detection-for-brocolli-and-ladies-finger\data\specialist\model3\cleaned\tomato_healthy\src4_bdfield_h_000416.jpg,healthy,sacred_split:field_val,True,calibration,calibration
C:\Users\xplod\Videos\FSWD\synod\Plant-disease-detection-for-brocolli-and-ladies-finger\data\specialist\model3\cleaned\tomato_foliar_spot\orig_plantdoc_eval_bac-canker_daec69e1.jpg,foliar,sacred_split:final_val,True,test,test
C:\Users\xplod\Videos\FSWD\synod\Plant-disease-detection-for-brocolli-and-ladies-finger\data\specialist\model3\cleaned\tomato_foliar_spot\orig_tomato_luisolazo_img_lm_59_d05015e8.jpg,foliar,sacred_split:final_val,True,test,test
C:\Users\xplod\Videos\FSWD\synod\Plant-disease-detection-for-brocolli-and-ladies-finger\data\specialist\model3\cleaned\tomato_foliar_spot\orig_tomato_luisolazo_img_lm_1304_fbe8001b.jpg,foliar,sacred_split:final_val,True,test,test
C:\Users\xplod\Videos\FSWD\synod\Plant-disease-detection-for-brocolli-and-ladies-finger\data\specialist\model3\cleaned\tomato_foliar_spot\orig_plantdoc_eval_Tom_Bact3_e42e5630.jpg,foliar,sacred_split:final_val,True,test,test
C:\Users\xplod\Videos\FSWD\synod\Plant-disease-detection-for-brocolli-and-ladies-finger\data\specialist\model3\cleaned\tomato_foliar_spot\orig_tomato_luisolazo_img_lm_715_f2639260.jpg,foliar,sacred_split:final_val,True,test,test
C:\Users\xplod\Videos\FSWD\synod\Plant-disease-detection-for-brocolli-and-ladies-finger\data\specialist\model3\cleaned\tomato_foliar_spot\orig_plantdoc_eval_4118c92ffde66d327ee14e4023320b_5e1b4489.jpg,foliar,sacred_split:final_val,True,test,test
C:\Users\xplod\Videos\FSWD\synod\Plant-disease-detection-for-brocolli-and-ladies-finger\data\specialist\model3\cleaned\tomato_foliar_spot\orig_plantdoc_eval_tomato-plant-leaves-brown-spot_31c25089.jpg,foliar,sacred_split:final_val,True,test,test
C:\Users\xplod\Videos\FSWD\synod\Plant-disease-detection-for-brocolli-and-ladies-finger\data\specialist\model3\cleaned\tomato_foliar_spot\orig_plantdoc_eval_bact-spot-fig-1_0859b70b.jpg,foliar,sacred_split:final_val,True,test,test
C:\Users\xplod\Videos\FSWD\synod\Plant-disease-detection-for-brocolli-and-ladies-finger\data\specialist\model3\cleaned\tomato_foliar_spot\orig_tomato_luisolazo_img_eb_1950_76083015.jpg,foliar,sacred_split:final_val,True,test,test
C:\Users\xplod\Videos\FSWD\synod\Plant-disease-detection-for-brocolli-and-ladies-finger\data\specialist\model3\cleaned\tomato_foliar_spot\orig_plantdoc_eval_Bacterial-spot-tomato_983b9d88.jpg,foliar,sacred_split:final_val,True,test,test
C:\Users\xplod\Videos\FSWD\synod\Plant-disease-detection-for-brocolli-and-ladies-finger\data\specialist\model3\cleaned\tomato_foliar_spot\orig_plantdoc_eval_d-to-tylv-fo005-14496A31BE7055_e49f300e.jpg,foliar,sacred_split:final_val,True,test,test
C:\Users\xplod\Videos\FSWD\synod\Plant-disease-detection-for-brocolli-and-ladies-finger\data\specialist\model3\cleaned\tomato_foliar_spot\orig_plantdoc_eval_05-069f12_2a2882a5.jpg,foliar,sacred_split:final_val,True,test,test
C:\Users\xplod\Videos\FSWD\synod\Plant-disease-detection-for-brocolli-and-ladies-finger\data\specialist\model3\cleaned\tomato_foliar_spot\orig_tomato_luisolazo_img_eb_1474_de173257.jpg,foliar,sacred_split:final_val,True,test,test
C:\Users\xplod\Videos\FSWD\synod\Plant-disease-detection-for-brocolli-and-ladies-finger\data\specialist\model3\cleaned\tomato_foliar_spot\orig_tomato_luisolazo_img_eb_248_ba4cac33.jpg,foliar,sacred_split:final_val,True,test,test
C:\Users\xplod\Videos\FSWD\synod\Plant-disease-detection-for-brocolli-and-ladies-finger\data\specialist\model3\cleaned\tomato_foliar_spot\orig_plantdoc_eval_Leaf-Spot-300x253_80c45303.jpg,foliar,sacred_split:final_val,True,test,test
C:\Users\xplod\Videos\FSWD\synod\Plant-disease-detection-for-brocolli-and-ladies-finger\data\specialist\model3\cleaned\tomato_foliar_spot\orig_plantdoc_eval_Bacterial-Spot-of-Tomato-Img-2_7dec41ea.jpg,foliar,sacred_split:final_val,True,test,test
C:\Users\xplod\Videos\FSWD\synod\Plant-disease-detection-for-brocolli-and-ladies-finger\data\specialist\model3\cleaned\tomato_foliar_spot\orig_plantdoc_eval_leaf-spot3-big_f3dc7a6b.jpg,foliar,sacred_split:final_val,True,test,test
C:\Users\xplod\Videos\FSWD\synod\Plant-disease-detection-for-brocolli-and-ladies-finger\data\specialist\model3\cleaned\tomato_foliar_spot\orig_tomato_luisolazo_img_eb_2173_46d39edd.jpg,foliar,sacred_split:final_val,True,test,test
C:\Users\xplod\Videos\FSWD\synod\Plant-disease-detection-for-brocolli-and-ladies-finger\data\specialist\model3\cleaned\tomato_foliar_spot\orig_plantdoc_eval_CankerFoliar-copy-50-QUALITY-1_91d65c1e.jpg,foliar,sacred_split:final_val,True,test,test
C:\Users\xplod\Videos\FSWD\synod\Plant-disease-detection-for-brocolli-and-ladies-finger\data\specialist\model3\cleaned\tomato_foliar_spot\orig_plantdoc_eval_Bacterial_spots586_c087c719.jpg,foliar,sacred_split:final_val,True,test,test
C:\Users\xplod\Videos\FSWD\synod\Plant-disease-detection-for-brocolli-and-ladies-finger\data\specialist\model3\cleaned\tomato_septoria_leaf_spot\taiwan_Gray_spot_5135c08e.jpg,septoria,sacred_split:final_val,True,test,test
C:\Users\xplod\Videos\FSWD\synod\Plant-disease-detection-for-brocolli-and-ladies-finger\data\specialist\model3\cleaned\tomato_septoria_leaf_spot\taiwan_Gray_spot_646fc993.jpg,septoria,sacred_split:final_val,True,test,test
C:\Users\xplod\Videos\FSWD\synod\Plant-disease-detection-for-brocolli-and-ladies-finger\data\specialist\model3\cleaned\tomato_septoria_leaf_spot\taiwan_Gray_spot_ba620d01.jpg,septoria,sacred_split:final_val,True,test,test
C:\Users\xplod\Videos\FSWD\synod\Plant-disease-detection-for-brocolli-and-ladies-finger\data\specialist\model3\cleaned\tomato_septoria_leaf_spot\taiwan_Gray_spot_eca5fe1e.jpg,septoria,sacred_split:final_val,True,test,test
C:\Users\xplod\Videos\FSWD\synod\Plant-disease-detection-for-brocolli-and-ladies-finger\data\specialist\model3\cleaned\tomato_septoria_leaf_spot\taiwan_Gray_spot_2613e7b1.jpg,septoria,sacred_split:final_val,True,test,test
C:\Users\xplod\Videos\FSWD\synod\Plant-disease-detection-for-brocolli-and-ladies-finger\data\specialist\model3\cleaned\tomato_septoria_leaf_spot\orig_plantdoc_eval_5315825271570432-600x272.jpeg_40f518d8.jpg,septoria,sacred_split:final_val,True,test,test
C:\Users\xplod\Videos\FSWD\synod\Plant-disease-detection-for-brocolli-and-ladies-finger\data\specialist\model3\cleaned\tomato_septoria_leaf_spot\taiwan_Gray_spot_2a07ea3b.jpg,septoria,sacred_split:final_val,True,test,test
C:\Users\xplod\Videos\FSWD\synod\Plant-disease-detection-for-brocolli-and-ladies-finger\data\specialist\model3\cleaned\tomato_septoria_leaf_spot\taiwan_Gray_spot_a4e78f72.jpg,septoria,sacred_split:final_val,True,test,test
C:\Users\xplod\Videos\FSWD\synod\Plant-disease-detection-for-brocolli-and-ladies-finger\data\specialist\model3\cleaned\tomato_septoria_leaf_spot\taiwan_Gray_spot_18ce3c06.jpg,septoria,sacred_split:final_val,True,test,test
C:\Users\xplod\Videos\FSWD\synod\Plant-disease-detection-for-brocolli-and-ladies-finger\data\specialist\model3\cleaned\tomato_late_blight\taiwan_Late_blight_8f976005.jpg,late_blight,sacred_split:final_val,True,test,test
C:\Users\xplod\Videos\FSWD\synod\Plant-disease-detection-for-brocolli-and-ladies-finger\data\specialist\model3\cleaned\tomato_late_blight\orig_tomato_luisolazo_img_lb_252_6b06d9d6.jpg,late_blight,sacred_split:final_val,True,test,test
C:\Users\xplod\Videos\FSWD\synod\Plant-disease-detection-for-brocolli-and-ladies-finger\data\specialist\model3\cleaned\tomato_late_blight\orig_tomato_luisolazo_img_lb_314_8f92d486.jpg,late_blight,sacred_split:final_val,True,test,test
C:\Users\xplod\Videos\FSWD\synod\Plant-disease-detection-for-brocolli-and-ladies-finger\data\specialist\model3\cleaned\tomato_late_blight\orig_plantdoc_eval_tomato.early.blightH_220d0761.jpg,late_blight,sacred_split:final_val,True,test,test
C:\Users\xplod\Videos\FSWD\synod\Plant-disease-detection-for-brocolli-and-ladies-finger\data\specialist\model3\cleaned\tomato_late_blight\taiwan_Late_blight_8bf8b545.jpg,late_blight,sacred_split:final_val,True,test,test
C:\Users\xplod\Videos\FSWD\synod\Plant-disease-detection-for-brocolli-and-ladies-finger\data\specialist\model3\cleaned\tomato_late_blight\orig_tomato_luisolazo_img_lb_23_0116c337.jpg,late_blight,sacred_split:final_val,True,test,test
C:\Users\xplod\Videos\FSWD\synod\Plant-disease-detection-for-brocolli-and-ladies-finger\data\specialist\model3\cleaned\tomato_late_blight\orig_tomato_luisolazo_img_lb_2040_0e152bf7.jpg,late_blight,sacred_split:final_val,True,test,test
C:\Users\xplod\Videos\FSWD\synod\Plant-disease-detection-for-brocolli-and-ladies-finger\data\specialist\model3\cleaned\tomato_late_blight\taiwan_Late_blight_273d5aa9.jpg,late_blight,sacred_split:final_val,True,test,test
C:\Users\xplod\Videos\FSWD\synod\Plant-disease-detection-for-brocolli-and-ladies-finger\data\specialist\model3\cleaned\tomato_late_blight\taiwan_Late_blight_81ee7af2.jpg,late_blight,sacred_split:final_val,True,test,test
C:\Users\xplod\Videos\FSWD\synod\Plant-disease-detection-for-brocolli-and-ladies-finger\data\specialist\model3\cleaned\tomato_yellow_leaf_curl_virus\orig_plantdoc_eval_7585001780_4b89e826b7_6b19573b.jpg,ylcv,sacred_split:final_val,True,test,test
C:\Users\xplod\Videos\FSWD\synod\Plant-disease-detection-for-brocolli-and-ladies-finger\data\specialist\model3\cleaned\tomato_yellow_leaf_curl_virus\orig_plantdoc_eval_8.--Virus-Damaged-foliage-at-t_ea0a761c.jpg,ylcv,sacred_split:final_val,True,test,test
C:\Users\xplod\Videos\FSWD\synod\Plant-disease-detection-for-brocolli-and-ladies-finger\data\specialist\model3\cleaned\tomato_mosaic_virus\orig_plantdoc_eval_tomato-mosaic-virus-disease-on_8819bef5.jpg,mosaic,sacred_split:final_val,True,test,test
C:\Users\xplod\Videos\FSWD\synod\Plant-disease-detection-for-brocolli-and-ladies-finger\data\specialist\model3\cleaned\tomato_mosaic_virus\orig_plantdoc_eval_tomato_virus_06_zoom_73aa771e.jpg,mosaic,sacred_split:final_val,True,test,test
C:\Users\xplod\Videos\FSWD\synod\Plant-disease-detection-for-brocolli-and-ladies-finger\data\specialist\model3\cleaned\tomato_mosaic_virus\orig_tomato_luisolazo_img_mv_988_773f84bf.jpg,mosaic,sacred_split:final_val,True,test,test
C:\Users\xplod\Videos\FSWD\synod\Plant-disease-detection-for-brocolli-and-ladies-finger\data\specialist\model3\cleaned\tomato_mosaic_virus\orig_plantdoc_eval_tomatodisease001sm_acb86391.jpg,mosaic,sacred_split:final_val,True,test,test
C:\Users\xplod\Videos\FSWD\synod\Plant-disease-detection-for-brocolli-and-ladies-finger\data\specialist\model3\cleaned\tomato_healthy\src4_bdfield_h_000320.jpg,healthy,sacred_split:final_val,True,test,test
C:\Users\xplod\Videos\FSWD\synod\Plant-disease-detection-for-brocolli-and-ladies-finger\data\specialist\model3\cleaned\tomato_healthy\taiwan_health_a977285f.jpg,healthy,sacred_split:final_val,True,test,test
C:\Users\xplod\Videos\FSWD\synod\Plant-disease-detection-for-brocolli-and-ladies-finger\data\specialist\model3\cleaned\tomato_healthy\src4_bdfield_h_000392.jpg,healthy,sacred_split:final_val,True,test,test
C:\Users\xplod\Videos\FSWD\synod\Plant-disease-detection-for-brocolli-and-ladies-finger\data\specialist\model3\cleaned\tomato_healthy\src4_bdfield_h_000083.jpg,healthy,sacred_split:final_val,True,test,test
C:\Users\xplod\Videos\FSWD\synod\Plant-disease-detection-for-brocolli-and-ladies-finger\data\specialist\model3\cleaned\tomato_healthy\src4_bdfield_h_000111.jpg,healthy,sacred_split:final_val,True,test,test
C:\Users\xplod\Videos\FSWD\synod\Plant-disease-detection-for-brocolli-and-ladies-finger\data\specialist\model3\cleaned\tomato_healthy\src4_bdfield_h_000241.jpg,healthy,sacred_split:final_val,True,test,test
C:\Users\xplod\Videos\FSWD\synod\Plant-disease-detection-for-brocolli-and-ladies-finger\data\specialist\model3\cleaned\tomato_healthy\src4_bdfield_h_000270.jpg,healthy,sacred_split:final_val,True,test,test
C:\Users\xplod\Videos\FSWD\synod\Plant-disease-detection-for-brocolli-and-ladies-finger\data\specialist\model3\cleaned\tomato_healthy\src4_bdfield_h_000078.jpg,healthy,sacred_split:final_val,True,test,test
C:\Users\xplod\Videos\FSWD\synod\Plant-disease-detection-for-brocolli-and-ladies-finger\data\specialist\model3\cleaned\tomato_healthy\taiwan_health_808c7798.jpg,healthy,sacred_split:final_val,True,test,test
C:\Users\xplod\Videos\FSWD\synod\Plant-disease-detection-for-brocolli-and-ladies-finger\data\specialist\model3\cleaned\tomato_healthy\src4_bdfield_h_000016.jpg,healthy,sacred_split:final_val,True,test,test
C:\Users\xplod\Videos\FSWD\synod\Plant-disease-detection-for-brocolli-and-ladies-finger\data\specialist\model3\cleaned\tomato_healthy\src4_bdfield_h_000201.jpg,healthy,sacred_split:final_val,True,test,test
C:\Users\xplod\Videos\FSWD\synod\Plant-disease-detection-for-brocolli-and-ladies-finger\data\specialist\model3\cleaned\tomato_healthy\src4_bdfield_h_000227.jpg,healthy,sacred_split:final_val,True,test,test
C:\Users\xplod\Videos\FSWD\synod\Plant-disease-detection-for-brocolli-and-ladies-finger\data\specialist\model3\cleaned\tomato_healthy\src4_bdfield_h_000318.jpg,healthy,sacred_split:final_val,True,test,test
C:\Users\xplod\Videos\FSWD\synod\Plant-disease-detection-for-brocolli-and-ladies-finger\data\specialist\model3\cleaned\tomato_healthy\src4_bdfield_h_000151.jpg,healthy,sacred_split:final_val,True,test,test
C:\Users\xplod\Videos\FSWD\synod\Plant-disease-detection-for-brocolli-and-ladies-finger\data\specialist\model3\cleaned\tomato_healthy\taiwan_health_32d1ce12.jpg,healthy,sacred_split:final_val,True,test,test
C:\Users\xplod\Videos\FSWD\synod\Plant-disease-detection-for-brocolli-and-ladies-finger\data\specialist\model3\cleaned\tomato_healthy\src4_bdfield_h_000258.jpg,healthy,sacred_split:final_val,True,test,test
C:\Users\xplod\Videos\FSWD\synod\Plant-disease-detection-for-brocolli-and-ladies-finger\data\specialist\model3\cleaned\tomato_healthy\src4_bdfield_h_000002.jpg,healthy,sacred_split:final_val,True,test,test
C:\Users\xplod\Videos\FSWD\synod\Plant-disease-detection-for-brocolli-and-ladies-finger\data\specialist\model3\cleaned\tomato_healthy\src4_bdfield_h_000248.jpg,healthy,sacred_split:final_val,True,test,test
C:\Users\xplod\Videos\FSWD\synod\Plant-disease-detection-for-brocolli-and-ladies-finger\data\specialist\model3\cleaned\tomato_healthy\src4_bdfield_h_000142.jpg,healthy,sacred_split:final_val,True,test,test
C:\Users\xplod\Videos\FSWD\synod\Plant-disease-detection-for-brocolli-and-ladies-finger\data\specialist\model3\cleaned\tomato_healthy\src4_bdfield_h_000164.jpg,healthy,sacred_split:final_val,True,test,test
C:\Users\xplod\Videos\FSWD\synod\Plant-disease-detection-for-brocolli-and-ladies-finger\data\specialist\model3\cleaned\tomato_healthy\src4_bdfield_h_000295.jpg,healthy,sacred_split:final_val,True,test,test
C:\Users\xplod\Videos\FSWD\synod\Plant-disease-detection-for-brocolli-and-ladies-finger\data\specialist\model3\cleaned\tomato_healthy\orig_tomato_luisolazo_img_h_1055_f167bd3e.jpg,healthy,sacred_split:final_val,True,test,test
C:\Users\xplod\Videos\FSWD\synod\Plant-disease-detection-for-brocolli-and-ladies-finger\data\specialist\model3\cleaned\tomato_healthy\taiwan_health_e7453bec.jpg,healthy,sacred_split:final_val,True,test,test
C:\Users\xplod\Videos\FSWD\synod\Plant-disease-detection-for-brocolli-and-ladies-finger\data\specialist\model3\cleaned\tomato_healthy\src4_bdfield_h_000304.jpg,healthy,sacred_split:final_val,True,test,test
C:\Users\xplod\Videos\FSWD\synod\Plant-disease-detection-for-brocolli-and-ladies-finger\data\specialist\model3\cleaned\tomato_healthy\src4_bdfield_h_000247.jpg,healthy,sacred_split:final_val,True,test,test
C:\Users\xplod\Videos\FSWD\synod\Plant-disease-detection-for-brocolli-and-ladies-finger\data\specialist\model3\cleaned\tomato_healthy\src4_bdfield_h_000363.jpg,healthy,sacred_split:final_val,True,test,test
C:\Users\xplod\Videos\FSWD\synod\Plant-disease-detection-for-brocolli-and-ladies-finger\data\specialist\model3\cleaned\tomato_healthy\src4_bdfield_h_000356.jpg,healthy,sacred_split:final_val,True,test,test
C:\Users\xplod\Videos\FSWD\synod\Plant-disease-detection-for-brocolli-and-ladies-finger\data\specialist\model3\cleaned\tomato_healthy\src4_bdfield_h_000087.jpg,healthy,sacred_split:final_val,True,test,test
C:\Users\xplod\Videos\FSWD\synod\Plant-disease-detection-for-brocolli-and-ladies-finger\data\specialist\model3\cleaned\tomato_healthy\src4_bdfield_h_000460.jpg,healthy,sacred_split:final_val,True,test,test
C:\Users\xplod\Videos\FSWD\synod\Plant-disease-detection-for-brocolli-and-ladies-finger\data\specialist\model3\cleaned\tomato_healthy\taiwan_health_1a87d529.jpg,healthy,sacred_split:final_val,True,test,test
C:\Users\xplod\Videos\FSWD\synod\Plant-disease-detection-for-brocolli-and-ladies-finger\data\specialist\model3\cleaned\tomato_healthy\src4_bdfield_h_000055.jpg,healthy,sacred_split:final_val,True,test,test
C:\Users\xplod\Videos\FSWD\synod\Plant-disease-detection-for-brocolli-and-ladies-finger\data\specialist\model3\cleaned\tomato_healthy\src4_bdfield_h_000203.jpg,healthy,sacred_split:final_val,True,test,test
C:\Users\xplod\Videos\FSWD\synod\Plant-disease-detection-for-brocolli-and-ladies-finger\data\specialist\model3\cleaned\tomato_healthy\src4_bdfield_h_000409.jpg,healthy,sacred_split:final_val,True,test,test
C:\Users\xplod\Videos\FSWD\synod\Plant-disease-detection-for-brocolli-and-ladies-finger\data\specialist\model3\cleaned\tomato_healthy\taiwan_health_1485b84e.jpg,healthy,sacred_split:final_val,True,test,test
C:\Users\xplod\Videos\FSWD\synod\Plant-disease-detection-for-brocolli-and-ladies-finger\data\specialist\model3\cleaned\tomato_healthy\src4_bdfield_h_000183.jpg,healthy,sacred_split:final_val,True,test,test
C:\Users\xplod\Videos\FSWD\synod\Plant-disease-detection-for-brocolli-and-ladies-finger\data\specialist\model3\cleaned\tomato_healthy\src4_bdfield_h_000163.jpg,healthy,sacred_split:final_val,True,test,test
C:\Users\xplod\Videos\FSWD\synod\Plant-disease-detection-for-brocolli-and-ladies-finger\data\specialist\model3\cleaned\tomato_healthy\taiwan_health_3b65c569.jpg,healthy,sacred_split:final_val,True,test,test
C:\Users\xplod\Videos\FSWD\synod\Plant-disease-detection-for-brocolli-and-ladies-finger\data\specialist\model3\cleaned\tomato_healthy\src4_bdfield_h_000056.jpg,healthy,sacred_split:final_val,True,test,test
C:\Users\xplod\Videos\FSWD\synod\Plant-disease-detection-for-brocolli-and-ladies-finger\data\specialist\model3\cleaned\tomato_healthy\src4_bdfield_h_000060.jpg,healthy,sacred_split:final_val,True,test,test
C:\Users\xplod\Videos\FSWD\synod\Plant-disease-detection-for-brocolli-and-ladies-finger\data\specialist\model3\cleaned\tomato_healthy\src4_bdfield_h_000007.jpg,healthy,sacred_split:final_val,True,test,test
C:\Users\xplod\Videos\FSWD\synod\Plant-disease-detection-for-brocolli-and-ladies-finger\data\specialist\model3\cleaned\tomato_healthy\src4_bdfield_h_000224.jpg,healthy,sacred_split:final_val,True,test,test
C:\Users\xplod\Videos\FSWD\synod\Plant-disease-detection-for-brocolli-and-ladies-finger\data\specialist\model3\cleaned\tomato_healthy\src4_bdfield_h_000355.jpg,healthy,sacred_split:final_val,True,test,test
C:\Users\xplod\Videos\FSWD\synod\Plant-disease-detection-for-brocolli-and-ladies-finger\data\specialist\model3\cleaned\tomato_healthy\orig_tomato_luisolazo_img_h_229_854b7afd.jpg,healthy,sacred_split:final_val,True,test,test
C:\Users\xplod\Videos\FSWD\synod\Plant-disease-detection-for-brocolli-and-ladies-finger\data\specialist\model3\cleaned\tomato_healthy\src4_bdfield_h_000425.jpg,healthy,sacred_split:final_val,True,test,test
C:\Users\xplod\Videos\FSWD\synod\Plant-disease-detection-for-brocolli-and-ladies-finger\data\specialist\model3\cleaned\tomato_healthy\src4_bdfield_h_000065.jpg,healthy,sacred_split:final_val,True,test,test
C:\Users\xplod\Videos\FSWD\synod\Plant-disease-detection-for-brocolli-and-ladies-finger\data\specialist\model3\cleaned\tomato_healthy\src4_bdfield_h_000141.jpg,healthy,sacred_split:final_val,True,test,test
C:\Users\xplod\Videos\FSWD\synod\Plant-disease-detection-for-brocolli-and-ladies-finger\data\specialist\model3\cleaned\tomato_healthy\orig_tomato_luisolazo_img_h_1419_4bd22c2f.jpg,healthy,sacred_split:final_val,True,test,test
C:\Users\xplod\Videos\FSWD\synod\Plant-disease-detection-for-brocolli-and-ladies-finger\data\specialist\model3\cleaned\tomato_healthy\orig_tomato_luisolazo_img_h_294_d61b8af8.jpg,healthy,sacred_split:final_val,True,test,test
C:\Users\xplod\Videos\FSWD\synod\Plant-disease-detection-for-brocolli-and-ladies-finger\data\specialist\model3\cleaned\tomato_healthy\src4_bdfield_h_000159.jpg,healthy,sacred_split:final_val,True,test,test
C:\Users\xplod\Videos\FSWD\synod\Plant-disease-detection-for-brocolli-and-ladies-finger\data\specialist\model3\cleaned\tomato_healthy\src4_bdfield_h_000463.jpg,healthy,sacred_split:final_val,True,test,test
C:\Users\xplod\Videos\FSWD\synod\Plant-disease-detection-for-brocolli-and-ladies-finger\data\specialist\model3\cleaned\tomato_healthy\src4_bdfield_h_000442.jpg,healthy,sacred_split:final_val,True,test,test
C:\Users\xplod\Videos\FSWD\synod\Plant-disease-detection-for-brocolli-and-ladies-finger\data\specialist\model3\cleaned\tomato_healthy\src4_bdfield_h_000053.jpg,healthy,sacred_split:final_val,True,test,test
C:\Users\xplod\Videos\FSWD\synod\Plant-disease-detection-for-brocolli-and-ladies-finger\data\specialist\model3\cleaned\tomato_healthy\src4_bdfield_h_000450.jpg,healthy,sacred_split:final_val,True,test,test
C:\Users\xplod\Videos\FSWD\synod\Plant-disease-detection-for-brocolli-and-ladies-finger\data\specialist\model3\cleaned\tomato_healthy\src4_bdfield_h_000456.jpg,healthy,sacred_split:final_val,True,test,test
C:\Users\xplod\Videos\FSWD\synod\Plant-disease-detection-for-brocolli-and-ladies-finger\data\specialist\model3\cleaned\tomato_healthy\src4_bdfield_h_000044.jpg,healthy,sacred_split:final_val,True,test,test
C:\Users\xplod\Videos\FSWD\synod\Plant-disease-detection-for-brocolli-and-ladies-finger\data\specialist\model3\cleaned\tomato_healthy\src4_bdfield_h_000348.jpg,healthy,sacred_split:final_val,True,test,test
C:\Users\xplod\Videos\FSWD\synod\Plant-disease-detection-for-brocolli-and-ladies-finger\data\specialist\model3\cleaned\tomato_healthy\src4_bdfield_h_000155.jpg,healthy,sacred_split:final_val,True,test,test
C:\Users\xplod\Videos\FSWD\synod\Plant-disease-detection-for-brocolli-and-ladies-finger\data\specialist\model3\cleaned\tomato_healthy\src4_bdfield_h_000059.jpg,healthy,sacred_split:final_val,True,test,test
C:\Users\xplod\Videos\FSWD\synod\Plant-disease-detection-for-brocolli-and-ladies-finger\data\specialist\model3\cleaned\tomato_healthy\src4_bdfield_h_000377.jpg,healthy,sacred_split:final_val,True,test,test
C:\Users\xplod\Videos\FSWD\synod\Plant-disease-detection-for-brocolli-and-ladies-finger\data\specialist\model3\cleaned\tomato_healthy\src4_bdfield_h_000430.jpg,healthy,sacred_split:final_val,True,test,test
